model_name	extra_features	validation_f1	validation_bal_acc	test_f1	test_bal_acc	headline_score	threshold	test_positive_rate
nvda_15_8_ret_60_sma_gap_60_atr_pct_20	ret_60, sma_gap_60, atr_pct_20	0.708133971291866	0.5810258748754207	0.6477732793522267	0.5377802199849121	0.6201727594822796	0.46599999999999997	0.8425027132034302
nvda_15_8_atr_pct_20	atr_pct_20	0.7056037884767168	0.572361740536678	0.6454689984101748	0.5264177478089986	0.6144698554557807	0.46399999999999997	0.8673139214515686
nvda_15_8_rolling_vol_60	rolling_vol_60	0.7009992313604918	0.5522104590157769	0.6483516483516483	0.5246132568384386	0.612145528565867	0.475	0.8845738768577576
