trade_count	hit_rate	avg_return	strategy_name	rule_name
54	0.7592592592592593	0.14525793514358482	ret_60_plus_sma_gap_60_plus_atr_pct_20_threshold	threshold
41	0.7073170731707317	0.13030745399841798	ret_60_plus_sma_gap_60_plus_atr_pct_20_top_15pct	top_15pct
43	0.7441860465116279	0.13101346630439345	ret_60_plus_sma_gap_60_plus_atr_pct_20_top_17_5pct	top_17_5pct
43	0.7209302325581395	0.13399501246612672	ret_60_plus_sma_gap_60_plus_atr_pct_20_top_20pct	top_20pct
