model_name	extra_features	validation_f1	validation_bal_acc	test_f1	test_bal_acc	headline_score	threshold	test_positive_rate
slv_60d_12_6_ret_60	ret_60	0.4834605597964377	0.5233759614493559	0.6946236559139786	0.5094097347618475	0.5797020908983689	0.33899999999999997	0.9118109941482544
slv_60d_12_6_atr_pct_20	atr_pct_20	0.4774665042630938	0.5052705958669261	0.709349593495935	0.49715099715099714	0.5789054969829845	0.486	0.9968503713607788
slv_60d_12_6_ret_60_sma_gap_60_rolling_vol_60	ret_60, sma_gap_60, rolling_vol_60	0.48600508905852424	0.5270480029654342	0.6816239316239315	0.48610609526102483	0.5683872193361283	0.33399999999999996	0.9212598204612732
