model_name	extra_features	validation_f1	validation_bal_acc	test_f1	test_bal_acc	headline_score	threshold	test_positive_rate
tsla_15_8_ret_60_sma_gap_60_distance_to_252_high	ret_60, sma_gap_60, distance_to_252_high	0.49885583524027466	0.6374591503267975	0.5714285714285714	0.6439808433919447	0.5852827636697466	0.508	0.4476534426212311
tsla_15_8_distance_to_252_high	distance_to_252_high	0.5100671140939598	0.6475490196078432	0.549889135254989	0.626606245388353	0.5747058524980777	0.52	0.44043320417404175
tsla_15_8_ret_60_distance_to_252_high	ret_60, distance_to_252_high	0.5102505694760819	0.6485130718954248	0.5502183406113538	0.6242325523117405	0.5742585230228225	0.523	0.4530685842037201
