split	top_pct	count	avg_return	hit_rate	cutoff
validation	10.0	102	0.01647870018149284	0.6078431372549019	0.04426324016687631
validation	15.0	153	0.013546060163028888	0.5947712418300654	0.041864279733891806
validation	20.0	204	0.00922460317342457	0.5980392156862745	0.03958625483450197
test	10.0	102	0.052528412624791423	0.7156862745098039	0.041695048773814115
test	15.0	153	0.05105600210892254	0.7254901960784313	0.03942418857899887
test	20.0	204	0.04590865006000084	0.7107843137254902	0.03777026823547583
